omschrijving,onderwerp
"Onderzoek de efficiëntie van bedrijfsprocessen door middel van procesmining en data-analyse. Gebruik event logs om knelpunten en afwijkingen van het ideale proces te identificeren. Visualiseer de processtromen en kwantificeer de doorlooptijden, foutpercentages en bottlenecks. Ontwerp aanbevelingen om workflows te optimaliseren en prestaties te verbeteren. Het project verbindt datagedreven inzichten met procesoptimalisatie en strategische besluitvorming.",Business Process Analytics
Onderzoek naar kwetsbaarheden in bedrijfsnetwerken en het ontwikkelen van methodieken om deze te mitigeren. Voer penetratietesten uit op gesimuleerde systemen om zwakke plekken te identificeren en te documenteren. Gebruik tools zoals Metasploit en Wireshark om data-analyse van netwerkverkeer uit te voeren. Ontwerp aanbevelingen voor preventieve beveiligingsmaatregelen en toets de effectiviteit in een gecontroleerde omgeving. Het project draagt bij aan het versterken van ethische praktijken binnen cybersecurity-onderzoek.,Ethical Hacking
Onderzoek naar kwetsbaarheden in bedrijfsnetwerken en het ontwikkelen van methodieken om deze te mitigeren. Voer penetratietesten uit op gesimuleerde systemen om zwakke plekken te identificeren en te documenteren. Gebruik tools zoals Metasploit en Wireshark om data-analyse van netwerkverkeer uit te voeren. Ontwerp aanbevelingen voor preventieve beveiligingsmaatregelen en toets de effectiviteit in een gecontroleerde omgeving. Het project draagt bij aan het versterken van ethische praktijken binnen cybersecurity-onderzoek.,Ethical Hacking
"Voer een uitgebreide analyse uit op multidimensionale datasets om trends en verbanden te ontdekken. Gebruik technieken zoals clustering, regressieanalyse en tijdreeksmodellering om waardevolle inzichten te genereren. Implementeer data cleaning en feature engineering om ruis te reduceren en datakwaliteit te verhogen. Ontwikkel een voorspellend model dat organisaties helpt bij onderbouwde besluitvorming. De nadruk ligt op het combineren van analytische precisie met praktische relevantie.",Data Science
"Voer een Design Science Research-project uit waarin theorie en praktijk samenkomen. Ontwerp een artefact dat een specifiek probleem adresseert binnen een toegepaste context. Gebruik wetenschappelijke methoden voor evaluatie, validatie en iteratieve verbetering van het ontwerp. Combineer literatuurstudie met empirische toetsing om theoretische bijdragen te waarborgen. Het project benadrukt de systematische koppeling tussen kennisontwikkeling en ontwerppraktijk.",Design Science Research
"Ontwikkel interactieve datavisualisaties die complexe informatie begrijpelijk en inzichtelijk maken. Gebruik tools zoals Tableau, Power BI of D3.js om dashboards en visualisatieprototypes te bouwen. Onderzoek de invloed van visuele perceptie en dataverhaaltechnieken op gebruikersinterpretatie. Ontwerp een visuele identiteit die consistent en toegankelijk is voor diverse doelgroepen. De focus ligt op het combineren van esthetiek, bruikbaarheid en analytische helderheid.",Data Visualisation
"Voer een uitgebreide analyse uit op multidimensionale datasets om trends en verbanden te ontdekken. Gebruik technieken zoals clustering, regressieanalyse en tijdreeksmodellering om waardevolle inzichten te genereren. Implementeer data cleaning en feature engineering om ruis te reduceren en datakwaliteit te verhogen. Ontwikkel een voorspellend model dat organisaties helpt bij onderbouwde besluitvorming. De nadruk ligt op het combineren van analytische precisie met praktische relevantie.",Data Science
"Voer een uitgebreide analyse uit op multidimensionale datasets om trends en verbanden te ontdekken. Gebruik technieken zoals clustering, regressieanalyse en tijdreeksmodellering om waardevolle inzichten te genereren. Implementeer data cleaning en feature engineering om ruis te reduceren en datakwaliteit te verhogen. Ontwikkel een voorspellend model dat organisaties helpt bij onderbouwde besluitvorming. De nadruk ligt op het combineren van analytische precisie met praktische relevantie.",Data Science
"Ontwerp een schaalbare softwarearchitectuur voor een complexe applicatieomgeving. Gebruik principes van microservices, domain-driven design en API-communicatie om modulariteit te waarborgen. Evalueer de prestaties van verschillende architecturale keuzes met betrekking tot latency, fouttolerantie en onderhoud. Implementeer containerisatie via Docker en orkestratie via Kubernetes. De opdracht legt de nadruk op het ontwerpen van veerkrachtige, toekomstbestendige systemen.",Software Architecture
Onderzoek naar kwetsbaarheden in bedrijfsnetwerken en het ontwikkelen van methodieken om deze te mitigeren. Voer penetratietesten uit op gesimuleerde systemen om zwakke plekken te identificeren en te documenteren. Gebruik tools zoals Metasploit en Wireshark om data-analyse van netwerkverkeer uit te voeren. Ontwerp aanbevelingen voor preventieve beveiligingsmaatregelen en toets de effectiviteit in een gecontroleerde omgeving. Het project draagt bij aan het versterken van ethische praktijken binnen cybersecurity-onderzoek.,Ethical Hacking
"Ontwikkel een intelligent systeem dat beslissingen leert nemen op basis van historische en real-time data. Gebruik neurale netwerken, decision trees of reinforcement learning om patronen te ontdekken en gedrag te voorspellen. Implementeer explainable AI-methodes om transparantie en interpretatie van modeluitkomsten te verbeteren. Voer experimenten uit om de prestaties te evalueren en de generaliseerbaarheid van het model te toetsen. De opdracht richt zich op het vertalen van theoretische AI-concepten naar praktische, maatschappelijk relevante toepassingen.",Artificial Intelligence
"Onderzoek de efficiëntie van bedrijfsprocessen door middel van procesmining en data-analyse. Gebruik event logs om knelpunten en afwijkingen van het ideale proces te identificeren. Visualiseer de processtromen en kwantificeer de doorlooptijden, foutpercentages en bottlenecks. Ontwerp aanbevelingen om workflows te optimaliseren en prestaties te verbeteren. Het project verbindt datagedreven inzichten met procesoptimalisatie en strategische besluitvorming.",Business Process Analytics
"Ontwerp een schaalbare softwarearchitectuur voor een complexe applicatieomgeving. Gebruik principes van microservices, domain-driven design en API-communicatie om modulariteit te waarborgen. Evalueer de prestaties van verschillende architecturale keuzes met betrekking tot latency, fouttolerantie en onderhoud. Implementeer containerisatie via Docker en orkestratie via Kubernetes. De opdracht legt de nadruk op het ontwerpen van veerkrachtige, toekomstbestendige systemen.",Software Architecture
"Onderzoek de efficiëntie van bedrijfsprocessen door middel van procesmining en data-analyse. Gebruik event logs om knelpunten en afwijkingen van het ideale proces te identificeren. Visualiseer de processtromen en kwantificeer de doorlooptijden, foutpercentages en bottlenecks. Ontwerp aanbevelingen om workflows te optimaliseren en prestaties te verbeteren. Het project verbindt datagedreven inzichten met procesoptimalisatie en strategische besluitvorming.",Business Process Analytics
"Voer een Design Science Research-project uit waarin theorie en praktijk samenkomen. Ontwerp een artefact dat een specifiek probleem adresseert binnen een toegepaste context. Gebruik wetenschappelijke methoden voor evaluatie, validatie en iteratieve verbetering van het ontwerp. Combineer literatuurstudie met empirische toetsing om theoretische bijdragen te waarborgen. Het project benadrukt de systematische koppeling tussen kennisontwikkeling en ontwerppraktijk.",Design Science Research
"Onderzoek de efficiëntie van bedrijfsprocessen door middel van procesmining en data-analyse. Gebruik event logs om knelpunten en afwijkingen van het ideale proces te identificeren. Visualiseer de processtromen en kwantificeer de doorlooptijden, foutpercentages en bottlenecks. Ontwerp aanbevelingen om workflows te optimaliseren en prestaties te verbeteren. Het project verbindt datagedreven inzichten met procesoptimalisatie en strategische besluitvorming.",Business Process Analytics
"Creëer een digitaal concept dat technologie, creativiteit en gebruikerservaring combineert. Gebruik ontwerptools zoals Figma of Unity om interactieve prototypes te ontwikkelen. Voer gebruikersonderzoek uit om inzichten te verkrijgen in gedragsvoorkeuren en beleving. Vertaal deze inzichten naar een iteratief ontwerpproces dat innovatie en functionaliteit verbindt. Het project stimuleert interdisciplinair denken en experimenteel ontwerp in digitale media.",Creative Digital Innovation
Onderzoek naar kwetsbaarheden in bedrijfsnetwerken en het ontwikkelen van methodieken om deze te mitigeren. Voer penetratietesten uit op gesimuleerde systemen om zwakke plekken te identificeren en te documenteren. Gebruik tools zoals Metasploit en Wireshark om data-analyse van netwerkverkeer uit te voeren. Ontwerp aanbevelingen voor preventieve beveiligingsmaatregelen en toets de effectiviteit in een gecontroleerde omgeving. Het project draagt bij aan het versterken van ethische praktijken binnen cybersecurity-onderzoek.,Ethical Hacking
Onderzoek naar kwetsbaarheden in bedrijfsnetwerken en het ontwikkelen van methodieken om deze te mitigeren. Voer penetratietesten uit op gesimuleerde systemen om zwakke plekken te identificeren en te documenteren. Gebruik tools zoals Metasploit en Wireshark om data-analyse van netwerkverkeer uit te voeren. Ontwerp aanbevelingen voor preventieve beveiligingsmaatregelen en toets de effectiviteit in een gecontroleerde omgeving. Het project draagt bij aan het versterken van ethische praktijken binnen cybersecurity-onderzoek.,Ethical Hacking
"Onderzoek de efficiëntie van bedrijfsprocessen door middel van procesmining en data-analyse. Gebruik event logs om knelpunten en afwijkingen van het ideale proces te identificeren. Visualiseer de processtromen en kwantificeer de doorlooptijden, foutpercentages en bottlenecks. Ontwerp aanbevelingen om workflows te optimaliseren en prestaties te verbeteren. Het project verbindt datagedreven inzichten met procesoptimalisatie en strategische besluitvorming.",Business Process Analytics
"Ontwerp en evalueer een geautomatiseerd detectiesysteem voor cyberdreigingen binnen cloudomgevingen. Gebruik technieken zoals intrusion detection, anomaly detection en loganalyse om aanvallen vroegtijdig te signaleren. Simuleer realistische aanvalsscenario’s en evalueer de effectiviteit van beveiligingsprotocollen. Documenteer de bevindingen en ontwikkel aanbevelingen voor organisaties om hun digitale weerbaarheid te versterken. Het project combineert theoretische kennis met praktische toepassing van cybersecuritystrategieën.",Cyber Security
"Ontwerp een schaalbare softwarearchitectuur voor een complexe applicatieomgeving. Gebruik principes van microservices, domain-driven design en API-communicatie om modulariteit te waarborgen. Evalueer de prestaties van verschillende architecturale keuzes met betrekking tot latency, fouttolerantie en onderhoud. Implementeer containerisatie via Docker en orkestratie via Kubernetes. De opdracht legt de nadruk op het ontwerpen van veerkrachtige, toekomstbestendige systemen.",Software Architecture
"Voer een uitgebreide analyse uit op multidimensionale datasets om trends en verbanden te ontdekken. Gebruik technieken zoals clustering, regressieanalyse en tijdreeksmodellering om waardevolle inzichten te genereren. Implementeer data cleaning en feature engineering om ruis te reduceren en datakwaliteit te verhogen. Ontwikkel een voorspellend model dat organisaties helpt bij onderbouwde besluitvorming. De nadruk ligt op het combineren van analytische precisie met praktische relevantie.",Data Science
"Creëer een digitaal concept dat technologie, creativiteit en gebruikerservaring combineert. Gebruik ontwerptools zoals Figma of Unity om interactieve prototypes te ontwikkelen. Voer gebruikersonderzoek uit om inzichten te verkrijgen in gedragsvoorkeuren en beleving. Vertaal deze inzichten naar een iteratief ontwerpproces dat innovatie en functionaliteit verbindt. Het project stimuleert interdisciplinair denken en experimenteel ontwerp in digitale media.",Creative Digital Innovation
"Ontwerp een schaalbare softwarearchitectuur voor een complexe applicatieomgeving. Gebruik principes van microservices, domain-driven design en API-communicatie om modulariteit te waarborgen. Evalueer de prestaties van verschillende architecturale keuzes met betrekking tot latency, fouttolerantie en onderhoud. Implementeer containerisatie via Docker en orkestratie via Kubernetes. De opdracht legt de nadruk op het ontwerpen van veerkrachtige, toekomstbestendige systemen.",Software Architecture
Analyseer hoe organisaties effectief kunnen transformeren door middel van digitale innovatie. Onderzoek strategische verandermodellen zoals ADKAR en Kotter om de succesfactoren van transitieprocessen te identificeren. Gebruik data-analyse om de impact van verandering op werknemers en klanttevredenheid te meten. Ontwikkel een voorstel voor implementatie dat zowel technologische als culturele barrières adresseert. Het doel is om innovatie te vertalen naar duurzame bedrijfsontwikkeling en wendbaarheid.,Business Change and Innovation
"Ontwikkel een intelligent systeem dat beslissingen leert nemen op basis van historische en real-time data. Gebruik neurale netwerken, decision trees of reinforcement learning om patronen te ontdekken en gedrag te voorspellen. Implementeer explainable AI-methodes om transparantie en interpretatie van modeluitkomsten te verbeteren. Voer experimenten uit om de prestaties te evalueren en de generaliseerbaarheid van het model te toetsen. De opdracht richt zich op het vertalen van theoretische AI-concepten naar praktische, maatschappelijk relevante toepassingen.",Artificial Intelligence
"Ontwikkel interactieve datavisualisaties die complexe informatie begrijpelijk en inzichtelijk maken. Gebruik tools zoals Tableau, Power BI of D3.js om dashboards en visualisatieprototypes te bouwen. Onderzoek de invloed van visuele perceptie en dataverhaaltechnieken op gebruikersinterpretatie. Ontwerp een visuele identiteit die consistent en toegankelijk is voor diverse doelgroepen. De focus ligt op het combineren van esthetiek, bruikbaarheid en analytische helderheid.",Data Visualisation
Analyseer hoe organisaties effectief kunnen transformeren door middel van digitale innovatie. Onderzoek strategische verandermodellen zoals ADKAR en Kotter om de succesfactoren van transitieprocessen te identificeren. Gebruik data-analyse om de impact van verandering op werknemers en klanttevredenheid te meten. Ontwikkel een voorstel voor implementatie dat zowel technologische als culturele barrières adresseert. Het doel is om innovatie te vertalen naar duurzame bedrijfsontwikkeling en wendbaarheid.,Business Change and Innovation
Analyseer hoe organisaties effectief kunnen transformeren door middel van digitale innovatie. Onderzoek strategische verandermodellen zoals ADKAR en Kotter om de succesfactoren van transitieprocessen te identificeren. Gebruik data-analyse om de impact van verandering op werknemers en klanttevredenheid te meten. Ontwikkel een voorstel voor implementatie dat zowel technologische als culturele barrières adresseert. Het doel is om innovatie te vertalen naar duurzame bedrijfsontwikkeling en wendbaarheid.,Business Change and Innovation
"Voer een Design Science Research-project uit waarin theorie en praktijk samenkomen. Ontwerp een artefact dat een specifiek probleem adresseert binnen een toegepaste context. Gebruik wetenschappelijke methoden voor evaluatie, validatie en iteratieve verbetering van het ontwerp. Combineer literatuurstudie met empirische toetsing om theoretische bijdragen te waarborgen. Het project benadrukt de systematische koppeling tussen kennisontwikkeling en ontwerppraktijk.",Design Science Research
Analyseer hoe organisaties effectief kunnen transformeren door middel van digitale innovatie. Onderzoek strategische verandermodellen zoals ADKAR en Kotter om de succesfactoren van transitieprocessen te identificeren. Gebruik data-analyse om de impact van verandering op werknemers en klanttevredenheid te meten. Ontwikkel een voorstel voor implementatie dat zowel technologische als culturele barrières adresseert. Het doel is om innovatie te vertalen naar duurzame bedrijfsontwikkeling en wendbaarheid.,Business Change and Innovation
"Ontwerp en evalueer een geautomatiseerd detectiesysteem voor cyberdreigingen binnen cloudomgevingen. Gebruik technieken zoals intrusion detection, anomaly detection en loganalyse om aanvallen vroegtijdig te signaleren. Simuleer realistische aanvalsscenario’s en evalueer de effectiviteit van beveiligingsprotocollen. Documenteer de bevindingen en ontwikkel aanbevelingen voor organisaties om hun digitale weerbaarheid te versterken. Het project combineert theoretische kennis met praktische toepassing van cybersecuritystrategieën.",Cyber Security
Analyseer hoe organisaties effectief kunnen transformeren door middel van digitale innovatie. Onderzoek strategische verandermodellen zoals ADKAR en Kotter om de succesfactoren van transitieprocessen te identificeren. Gebruik data-analyse om de impact van verandering op werknemers en klanttevredenheid te meten. Ontwikkel een voorstel voor implementatie dat zowel technologische als culturele barrières adresseert. Het doel is om innovatie te vertalen naar duurzame bedrijfsontwikkeling en wendbaarheid.,Business Change and Innovation
"Ontwerp en evalueer een geautomatiseerd detectiesysteem voor cyberdreigingen binnen cloudomgevingen. Gebruik technieken zoals intrusion detection, anomaly detection en loganalyse om aanvallen vroegtijdig te signaleren. Simuleer realistische aanvalsscenario’s en evalueer de effectiviteit van beveiligingsprotocollen. Documenteer de bevindingen en ontwikkel aanbevelingen voor organisaties om hun digitale weerbaarheid te versterken. Het project combineert theoretische kennis met praktische toepassing van cybersecuritystrategieën.",Cyber Security
"Ontwerp en evalueer een geautomatiseerd detectiesysteem voor cyberdreigingen binnen cloudomgevingen. Gebruik technieken zoals intrusion detection, anomaly detection en loganalyse om aanvallen vroegtijdig te signaleren. Simuleer realistische aanvalsscenario’s en evalueer de effectiviteit van beveiligingsprotocollen. Documenteer de bevindingen en ontwikkel aanbevelingen voor organisaties om hun digitale weerbaarheid te versterken. Het project combineert theoretische kennis met praktische toepassing van cybersecuritystrategieën.",Cyber Security
Onderzoek naar kwetsbaarheden in bedrijfsnetwerken en het ontwikkelen van methodieken om deze te mitigeren. Voer penetratietesten uit op gesimuleerde systemen om zwakke plekken te identificeren en te documenteren. Gebruik tools zoals Metasploit en Wireshark om data-analyse van netwerkverkeer uit te voeren. Ontwerp aanbevelingen voor preventieve beveiligingsmaatregelen en toets de effectiviteit in een gecontroleerde omgeving. Het project draagt bij aan het versterken van ethische praktijken binnen cybersecurity-onderzoek.,Ethical Hacking
"Voer een Design Science Research-project uit waarin theorie en praktijk samenkomen. Ontwerp een artefact dat een specifiek probleem adresseert binnen een toegepaste context. Gebruik wetenschappelijke methoden voor evaluatie, validatie en iteratieve verbetering van het ontwerp. Combineer literatuurstudie met empirische toetsing om theoretische bijdragen te waarborgen. Het project benadrukt de systematische koppeling tussen kennisontwikkeling en ontwerppraktijk.",Design Science Research
"Ontwikkel een intelligent systeem dat beslissingen leert nemen op basis van historische en real-time data. Gebruik neurale netwerken, decision trees of reinforcement learning om patronen te ontdekken en gedrag te voorspellen. Implementeer explainable AI-methodes om transparantie en interpretatie van modeluitkomsten te verbeteren. Voer experimenten uit om de prestaties te evalueren en de generaliseerbaarheid van het model te toetsen. De opdracht richt zich op het vertalen van theoretische AI-concepten naar praktische, maatschappelijk relevante toepassingen.",Artificial Intelligence
"Onderzoek de efficiëntie van bedrijfsprocessen door middel van procesmining en data-analyse. Gebruik event logs om knelpunten en afwijkingen van het ideale proces te identificeren. Visualiseer de processtromen en kwantificeer de doorlooptijden, foutpercentages en bottlenecks. Ontwerp aanbevelingen om workflows te optimaliseren en prestaties te verbeteren. Het project verbindt datagedreven inzichten met procesoptimalisatie en strategische besluitvorming.",Business Process Analytics
"Ontwikkel interactieve datavisualisaties die complexe informatie begrijpelijk en inzichtelijk maken. Gebruik tools zoals Tableau, Power BI of D3.js om dashboards en visualisatieprototypes te bouwen. Onderzoek de invloed van visuele perceptie en dataverhaaltechnieken op gebruikersinterpretatie. Ontwerp een visuele identiteit die consistent en toegankelijk is voor diverse doelgroepen. De focus ligt op het combineren van esthetiek, bruikbaarheid en analytische helderheid.",Data Visualisation
"Voer een uitgebreide analyse uit op multidimensionale datasets om trends en verbanden te ontdekken. Gebruik technieken zoals clustering, regressieanalyse en tijdreeksmodellering om waardevolle inzichten te genereren. Implementeer data cleaning en feature engineering om ruis te reduceren en datakwaliteit te verhogen. Ontwikkel een voorspellend model dat organisaties helpt bij onderbouwde besluitvorming. De nadruk ligt op het combineren van analytische precisie met praktische relevantie.",Data Science
"Creëer een digitaal concept dat technologie, creativiteit en gebruikerservaring combineert. Gebruik ontwerptools zoals Figma of Unity om interactieve prototypes te ontwikkelen. Voer gebruikersonderzoek uit om inzichten te verkrijgen in gedragsvoorkeuren en beleving. Vertaal deze inzichten naar een iteratief ontwerpproces dat innovatie en functionaliteit verbindt. Het project stimuleert interdisciplinair denken en experimenteel ontwerp in digitale media.",Creative Digital Innovation
"Voer een uitgebreide analyse uit op multidimensionale datasets om trends en verbanden te ontdekken. Gebruik technieken zoals clustering, regressieanalyse en tijdreeksmodellering om waardevolle inzichten te genereren. Implementeer data cleaning en feature engineering om ruis te reduceren en datakwaliteit te verhogen. Ontwikkel een voorspellend model dat organisaties helpt bij onderbouwde besluitvorming. De nadruk ligt op het combineren van analytische precisie met praktische relevantie.",Data Science
"Ontwerp een schaalbare softwarearchitectuur voor een complexe applicatieomgeving. Gebruik principes van microservices, domain-driven design en API-communicatie om modulariteit te waarborgen. Evalueer de prestaties van verschillende architecturale keuzes met betrekking tot latency, fouttolerantie en onderhoud. Implementeer containerisatie via Docker en orkestratie via Kubernetes. De opdracht legt de nadruk op het ontwerpen van veerkrachtige, toekomstbestendige systemen.",Software Architecture
"Creëer een digitaal concept dat technologie, creativiteit en gebruikerservaring combineert. Gebruik ontwerptools zoals Figma of Unity om interactieve prototypes te ontwikkelen. Voer gebruikersonderzoek uit om inzichten te verkrijgen in gedragsvoorkeuren en beleving. Vertaal deze inzichten naar een iteratief ontwerpproces dat innovatie en functionaliteit verbindt. Het project stimuleert interdisciplinair denken en experimenteel ontwerp in digitale media.",Creative Digital Innovation
Onderzoek naar kwetsbaarheden in bedrijfsnetwerken en het ontwikkelen van methodieken om deze te mitigeren. Voer penetratietesten uit op gesimuleerde systemen om zwakke plekken te identificeren en te documenteren. Gebruik tools zoals Metasploit en Wireshark om data-analyse van netwerkverkeer uit te voeren. Ontwerp aanbevelingen voor preventieve beveiligingsmaatregelen en toets de effectiviteit in een gecontroleerde omgeving. Het project draagt bij aan het versterken van ethische praktijken binnen cybersecurity-onderzoek.,Ethical Hacking
"Onderzoek de efficiëntie van bedrijfsprocessen door middel van procesmining en data-analyse. Gebruik event logs om knelpunten en afwijkingen van het ideale proces te identificeren. Visualiseer de processtromen en kwantificeer de doorlooptijden, foutpercentages en bottlenecks. Ontwerp aanbevelingen om workflows te optimaliseren en prestaties te verbeteren. Het project verbindt datagedreven inzichten met procesoptimalisatie en strategische besluitvorming.",Business Process Analytics
"Ontwikkel een intelligent systeem dat beslissingen leert nemen op basis van historische en real-time data. Gebruik neurale netwerken, decision trees of reinforcement learning om patronen te ontdekken en gedrag te voorspellen. Implementeer explainable AI-methodes om transparantie en interpretatie van modeluitkomsten te verbeteren. Voer experimenten uit om de prestaties te evalueren en de generaliseerbaarheid van het model te toetsen. De opdracht richt zich op het vertalen van theoretische AI-concepten naar praktische, maatschappelijk relevante toepassingen.",Artificial Intelligence
"Onderzoek de efficiëntie van bedrijfsprocessen door middel van procesmining en data-analyse. Gebruik event logs om knelpunten en afwijkingen van het ideale proces te identificeren. Visualiseer de processtromen en kwantificeer de doorlooptijden, foutpercentages en bottlenecks. Ontwerp aanbevelingen om workflows te optimaliseren en prestaties te verbeteren. Het project verbindt datagedreven inzichten met procesoptimalisatie en strategische besluitvorming.",Business Process Analytics
"Ontwerp een schaalbare softwarearchitectuur voor een complexe applicatieomgeving. Gebruik principes van microservices, domain-driven design en API-communicatie om modulariteit te waarborgen. Evalueer de prestaties van verschillende architecturale keuzes met betrekking tot latency, fouttolerantie en onderhoud. Implementeer containerisatie via Docker en orkestratie via Kubernetes. De opdracht legt de nadruk op het ontwerpen van veerkrachtige, toekomstbestendige systemen.",Software Architecture
"Voer een Design Science Research-project uit waarin theorie en praktijk samenkomen. Ontwerp een artefact dat een specifiek probleem adresseert binnen een toegepaste context. Gebruik wetenschappelijke methoden voor evaluatie, validatie en iteratieve verbetering van het ontwerp. Combineer literatuurstudie met empirische toetsing om theoretische bijdragen te waarborgen. Het project benadrukt de systematische koppeling tussen kennisontwikkeling en ontwerppraktijk.",Design Science Research
"Voer een Design Science Research-project uit waarin theorie en praktijk samenkomen. Ontwerp een artefact dat een specifiek probleem adresseert binnen een toegepaste context. Gebruik wetenschappelijke methoden voor evaluatie, validatie en iteratieve verbetering van het ontwerp. Combineer literatuurstudie met empirische toetsing om theoretische bijdragen te waarborgen. Het project benadrukt de systematische koppeling tussen kennisontwikkeling en ontwerppraktijk.",Design Science Research
Analyseer hoe organisaties effectief kunnen transformeren door middel van digitale innovatie. Onderzoek strategische verandermodellen zoals ADKAR en Kotter om de succesfactoren van transitieprocessen te identificeren. Gebruik data-analyse om de impact van verandering op werknemers en klanttevredenheid te meten. Ontwikkel een voorstel voor implementatie dat zowel technologische als culturele barrières adresseert. Het doel is om innovatie te vertalen naar duurzame bedrijfsontwikkeling en wendbaarheid.,Business Change and Innovation
Analyseer hoe organisaties effectief kunnen transformeren door middel van digitale innovatie. Onderzoek strategische verandermodellen zoals ADKAR en Kotter om de succesfactoren van transitieprocessen te identificeren. Gebruik data-analyse om de impact van verandering op werknemers en klanttevredenheid te meten. Ontwikkel een voorstel voor implementatie dat zowel technologische als culturele barrières adresseert. Het doel is om innovatie te vertalen naar duurzame bedrijfsontwikkeling en wendbaarheid.,Business Change and Innovation
"Voer een Design Science Research-project uit waarin theorie en praktijk samenkomen. Ontwerp een artefact dat een specifiek probleem adresseert binnen een toegepaste context. Gebruik wetenschappelijke methoden voor evaluatie, validatie en iteratieve verbetering van het ontwerp. Combineer literatuurstudie met empirische toetsing om theoretische bijdragen te waarborgen. Het project benadrukt de systematische koppeling tussen kennisontwikkeling en ontwerppraktijk.",Design Science Research
"Voer een uitgebreide analyse uit op multidimensionale datasets om trends en verbanden te ontdekken. Gebruik technieken zoals clustering, regressieanalyse en tijdreeksmodellering om waardevolle inzichten te genereren. Implementeer data cleaning en feature engineering om ruis te reduceren en datakwaliteit te verhogen. Ontwikkel een voorspellend model dat organisaties helpt bij onderbouwde besluitvorming. De nadruk ligt op het combineren van analytische precisie met praktische relevantie.",Data Science
"Ontwerp en evalueer een geautomatiseerd detectiesysteem voor cyberdreigingen binnen cloudomgevingen. Gebruik technieken zoals intrusion detection, anomaly detection en loganalyse om aanvallen vroegtijdig te signaleren. Simuleer realistische aanvalsscenario’s en evalueer de effectiviteit van beveiligingsprotocollen. Documenteer de bevindingen en ontwikkel aanbevelingen voor organisaties om hun digitale weerbaarheid te versterken. Het project combineert theoretische kennis met praktische toepassing van cybersecuritystrategieën.",Cyber Security
"Ontwikkel een intelligent systeem dat beslissingen leert nemen op basis van historische en real-time data. Gebruik neurale netwerken, decision trees of reinforcement learning om patronen te ontdekken en gedrag te voorspellen. Implementeer explainable AI-methodes om transparantie en interpretatie van modeluitkomsten te verbeteren. Voer experimenten uit om de prestaties te evalueren en de generaliseerbaarheid van het model te toetsen. De opdracht richt zich op het vertalen van theoretische AI-concepten naar praktische, maatschappelijk relevante toepassingen.",Artificial Intelligence
"Ontwikkel interactieve datavisualisaties die complexe informatie begrijpelijk en inzichtelijk maken. Gebruik tools zoals Tableau, Power BI of D3.js om dashboards en visualisatieprototypes te bouwen. Onderzoek de invloed van visuele perceptie en dataverhaaltechnieken op gebruikersinterpretatie. Ontwerp een visuele identiteit die consistent en toegankelijk is voor diverse doelgroepen. De focus ligt op het combineren van esthetiek, bruikbaarheid en analytische helderheid.",Data Visualisation
"Ontwikkel een intelligent systeem dat beslissingen leert nemen op basis van historische en real-time data. Gebruik neurale netwerken, decision trees of reinforcement learning om patronen te ontdekken en gedrag te voorspellen. Implementeer explainable AI-methodes om transparantie en interpretatie van modeluitkomsten te verbeteren. Voer experimenten uit om de prestaties te evalueren en de generaliseerbaarheid van het model te toetsen. De opdracht richt zich op het vertalen van theoretische AI-concepten naar praktische, maatschappelijk relevante toepassingen.",Artificial Intelligence
Onderzoek naar kwetsbaarheden in bedrijfsnetwerken en het ontwikkelen van methodieken om deze te mitigeren. Voer penetratietesten uit op gesimuleerde systemen om zwakke plekken te identificeren en te documenteren. Gebruik tools zoals Metasploit en Wireshark om data-analyse van netwerkverkeer uit te voeren. Ontwerp aanbevelingen voor preventieve beveiligingsmaatregelen en toets de effectiviteit in een gecontroleerde omgeving. Het project draagt bij aan het versterken van ethische praktijken binnen cybersecurity-onderzoek.,Ethical Hacking
"Creëer een digitaal concept dat technologie, creativiteit en gebruikerservaring combineert. Gebruik ontwerptools zoals Figma of Unity om interactieve prototypes te ontwikkelen. Voer gebruikersonderzoek uit om inzichten te verkrijgen in gedragsvoorkeuren en beleving. Vertaal deze inzichten naar een iteratief ontwerpproces dat innovatie en functionaliteit verbindt. Het project stimuleert interdisciplinair denken en experimenteel ontwerp in digitale media.",Creative Digital Innovation
"Ontwikkel een intelligent systeem dat beslissingen leert nemen op basis van historische en real-time data. Gebruik neurale netwerken, decision trees of reinforcement learning om patronen te ontdekken en gedrag te voorspellen. Implementeer explainable AI-methodes om transparantie en interpretatie van modeluitkomsten te verbeteren. Voer experimenten uit om de prestaties te evalueren en de generaliseerbaarheid van het model te toetsen. De opdracht richt zich op het vertalen van theoretische AI-concepten naar praktische, maatschappelijk relevante toepassingen.",Artificial Intelligence
"Ontwerp en evalueer een geautomatiseerd detectiesysteem voor cyberdreigingen binnen cloudomgevingen. Gebruik technieken zoals intrusion detection, anomaly detection en loganalyse om aanvallen vroegtijdig te signaleren. Simuleer realistische aanvalsscenario’s en evalueer de effectiviteit van beveiligingsprotocollen. Documenteer de bevindingen en ontwikkel aanbevelingen voor organisaties om hun digitale weerbaarheid te versterken. Het project combineert theoretische kennis met praktische toepassing van cybersecuritystrategieën.",Cyber Security
"Creëer een digitaal concept dat technologie, creativiteit en gebruikerservaring combineert. Gebruik ontwerptools zoals Figma of Unity om interactieve prototypes te ontwikkelen. Voer gebruikersonderzoek uit om inzichten te verkrijgen in gedragsvoorkeuren en beleving. Vertaal deze inzichten naar een iteratief ontwerpproces dat innovatie en functionaliteit verbindt. Het project stimuleert interdisciplinair denken en experimenteel ontwerp in digitale media.",Creative Digital Innovation
Onderzoek naar kwetsbaarheden in bedrijfsnetwerken en het ontwikkelen van methodieken om deze te mitigeren. Voer penetratietesten uit op gesimuleerde systemen om zwakke plekken te identificeren en te documenteren. Gebruik tools zoals Metasploit en Wireshark om data-analyse van netwerkverkeer uit te voeren. Ontwerp aanbevelingen voor preventieve beveiligingsmaatregelen en toets de effectiviteit in een gecontroleerde omgeving. Het project draagt bij aan het versterken van ethische praktijken binnen cybersecurity-onderzoek.,Ethical Hacking
"Ontwerp en evalueer een geautomatiseerd detectiesysteem voor cyberdreigingen binnen cloudomgevingen. Gebruik technieken zoals intrusion detection, anomaly detection en loganalyse om aanvallen vroegtijdig te signaleren. Simuleer realistische aanvalsscenario’s en evalueer de effectiviteit van beveiligingsprotocollen. Documenteer de bevindingen en ontwikkel aanbevelingen voor organisaties om hun digitale weerbaarheid te versterken. Het project combineert theoretische kennis met praktische toepassing van cybersecuritystrategieën.",Cyber Security
Analyseer hoe organisaties effectief kunnen transformeren door middel van digitale innovatie. Onderzoek strategische verandermodellen zoals ADKAR en Kotter om de succesfactoren van transitieprocessen te identificeren. Gebruik data-analyse om de impact van verandering op werknemers en klanttevredenheid te meten. Ontwikkel een voorstel voor implementatie dat zowel technologische als culturele barrières adresseert. Het doel is om innovatie te vertalen naar duurzame bedrijfsontwikkeling en wendbaarheid.,Business Change and Innovation
Analyseer hoe organisaties effectief kunnen transformeren door middel van digitale innovatie. Onderzoek strategische verandermodellen zoals ADKAR en Kotter om de succesfactoren van transitieprocessen te identificeren. Gebruik data-analyse om de impact van verandering op werknemers en klanttevredenheid te meten. Ontwikkel een voorstel voor implementatie dat zowel technologische als culturele barrières adresseert. Het doel is om innovatie te vertalen naar duurzame bedrijfsontwikkeling en wendbaarheid.,Business Change and Innovation
"Voer een uitgebreide analyse uit op multidimensionale datasets om trends en verbanden te ontdekken. Gebruik technieken zoals clustering, regressieanalyse en tijdreeksmodellering om waardevolle inzichten te genereren. Implementeer data cleaning en feature engineering om ruis te reduceren en datakwaliteit te verhogen. Ontwikkel een voorspellend model dat organisaties helpt bij onderbouwde besluitvorming. De nadruk ligt op het combineren van analytische precisie met praktische relevantie.",Data Science
"Ontwikkel een intelligent systeem dat beslissingen leert nemen op basis van historische en real-time data. Gebruik neurale netwerken, decision trees of reinforcement learning om patronen te ontdekken en gedrag te voorspellen. Implementeer explainable AI-methodes om transparantie en interpretatie van modeluitkomsten te verbeteren. Voer experimenten uit om de prestaties te evalueren en de generaliseerbaarheid van het model te toetsen. De opdracht richt zich op het vertalen van theoretische AI-concepten naar praktische, maatschappelijk relevante toepassingen.",Artificial Intelligence
"Creëer een digitaal concept dat technologie, creativiteit en gebruikerservaring combineert. Gebruik ontwerptools zoals Figma of Unity om interactieve prototypes te ontwikkelen. Voer gebruikersonderzoek uit om inzichten te verkrijgen in gedragsvoorkeuren en beleving. Vertaal deze inzichten naar een iteratief ontwerpproces dat innovatie en functionaliteit verbindt. Het project stimuleert interdisciplinair denken en experimenteel ontwerp in digitale media.",Creative Digital Innovation
"Ontwikkel een intelligent systeem dat beslissingen leert nemen op basis van historische en real-time data. Gebruik neurale netwerken, decision trees of reinforcement learning om patronen te ontdekken en gedrag te voorspellen. Implementeer explainable AI-methodes om transparantie en interpretatie van modeluitkomsten te verbeteren. Voer experimenten uit om de prestaties te evalueren en de generaliseerbaarheid van het model te toetsen. De opdracht richt zich op het vertalen van theoretische AI-concepten naar praktische, maatschappelijk relevante toepassingen.",Artificial Intelligence
"Voer een Design Science Research-project uit waarin theorie en praktijk samenkomen. Ontwerp een artefact dat een specifiek probleem adresseert binnen een toegepaste context. Gebruik wetenschappelijke methoden voor evaluatie, validatie en iteratieve verbetering van het ontwerp. Combineer literatuurstudie met empirische toetsing om theoretische bijdragen te waarborgen. Het project benadrukt de systematische koppeling tussen kennisontwikkeling en ontwerppraktijk.",Design Science Research
"Ontwikkel een intelligent systeem dat beslissingen leert nemen op basis van historische en real-time data. Gebruik neurale netwerken, decision trees of reinforcement learning om patronen te ontdekken en gedrag te voorspellen. Implementeer explainable AI-methodes om transparantie en interpretatie van modeluitkomsten te verbeteren. Voer experimenten uit om de prestaties te evalueren en de generaliseerbaarheid van het model te toetsen. De opdracht richt zich op het vertalen van theoretische AI-concepten naar praktische, maatschappelijk relevante toepassingen.",Artificial Intelligence
Onderzoek naar kwetsbaarheden in bedrijfsnetwerken en het ontwikkelen van methodieken om deze te mitigeren. Voer penetratietesten uit op gesimuleerde systemen om zwakke plekken te identificeren en te documenteren. Gebruik tools zoals Metasploit en Wireshark om data-analyse van netwerkverkeer uit te voeren. Ontwerp aanbevelingen voor preventieve beveiligingsmaatregelen en toets de effectiviteit in een gecontroleerde omgeving. Het project draagt bij aan het versterken van ethische praktijken binnen cybersecurity-onderzoek.,Ethical Hacking
"Voer een uitgebreide analyse uit op multidimensionale datasets om trends en verbanden te ontdekken. Gebruik technieken zoals clustering, regressieanalyse en tijdreeksmodellering om waardevolle inzichten te genereren. Implementeer data cleaning en feature engineering om ruis te reduceren en datakwaliteit te verhogen. Ontwikkel een voorspellend model dat organisaties helpt bij onderbouwde besluitvorming. De nadruk ligt op het combineren van analytische precisie met praktische relevantie.",Data Science
"Voer een uitgebreide analyse uit op multidimensionale datasets om trends en verbanden te ontdekken. Gebruik technieken zoals clustering, regressieanalyse en tijdreeksmodellering om waardevolle inzichten te genereren. Implementeer data cleaning en feature engineering om ruis te reduceren en datakwaliteit te verhogen. Ontwikkel een voorspellend model dat organisaties helpt bij onderbouwde besluitvorming. De nadruk ligt op het combineren van analytische precisie met praktische relevantie.",Data Science
"Ontwerp en evalueer een geautomatiseerd detectiesysteem voor cyberdreigingen binnen cloudomgevingen. Gebruik technieken zoals intrusion detection, anomaly detection en loganalyse om aanvallen vroegtijdig te signaleren. Simuleer realistische aanvalsscenario’s en evalueer de effectiviteit van beveiligingsprotocollen. Documenteer de bevindingen en ontwikkel aanbevelingen voor organisaties om hun digitale weerbaarheid te versterken. Het project combineert theoretische kennis met praktische toepassing van cybersecuritystrategieën.",Cyber Security
"Ontwikkel interactieve datavisualisaties die complexe informatie begrijpelijk en inzichtelijk maken. Gebruik tools zoals Tableau, Power BI of D3.js om dashboards en visualisatieprototypes te bouwen. Onderzoek de invloed van visuele perceptie en dataverhaaltechnieken op gebruikersinterpretatie. Ontwerp een visuele identiteit die consistent en toegankelijk is voor diverse doelgroepen. De focus ligt op het combineren van esthetiek, bruikbaarheid en analytische helderheid.",Data Visualisation
"Ontwikkel interactieve datavisualisaties die complexe informatie begrijpelijk en inzichtelijk maken. Gebruik tools zoals Tableau, Power BI of D3.js om dashboards en visualisatieprototypes te bouwen. Onderzoek de invloed van visuele perceptie en dataverhaaltechnieken op gebruikersinterpretatie. Ontwerp een visuele identiteit die consistent en toegankelijk is voor diverse doelgroepen. De focus ligt op het combineren van esthetiek, bruikbaarheid en analytische helderheid.",Data Visualisation
"Ontwikkel interactieve datavisualisaties die complexe informatie begrijpelijk en inzichtelijk maken. Gebruik tools zoals Tableau, Power BI of D3.js om dashboards en visualisatieprototypes te bouwen. Onderzoek de invloed van visuele perceptie en dataverhaaltechnieken op gebruikersinterpretatie. Ontwerp een visuele identiteit die consistent en toegankelijk is voor diverse doelgroepen. De focus ligt op het combineren van esthetiek, bruikbaarheid en analytische helderheid.",Data Visualisation
"Ontwikkel interactieve datavisualisaties die complexe informatie begrijpelijk en inzichtelijk maken. Gebruik tools zoals Tableau, Power BI of D3.js om dashboards en visualisatieprototypes te bouwen. Onderzoek de invloed van visuele perceptie en dataverhaaltechnieken op gebruikersinterpretatie. Ontwerp een visuele identiteit die consistent en toegankelijk is voor diverse doelgroepen. De focus ligt op het combineren van esthetiek, bruikbaarheid en analytische helderheid.",Data Visualisation
"Ontwerp een schaalbare softwarearchitectuur voor een complexe applicatieomgeving. Gebruik principes van microservices, domain-driven design en API-communicatie om modulariteit te waarborgen. Evalueer de prestaties van verschillende architecturale keuzes met betrekking tot latency, fouttolerantie en onderhoud. Implementeer containerisatie via Docker en orkestratie via Kubernetes. De opdracht legt de nadruk op het ontwerpen van veerkrachtige, toekomstbestendige systemen.",Software Architecture
"Onderzoek de efficiëntie van bedrijfsprocessen door middel van procesmining en data-analyse. Gebruik event logs om knelpunten en afwijkingen van het ideale proces te identificeren. Visualiseer de processtromen en kwantificeer de doorlooptijden, foutpercentages en bottlenecks. Ontwerp aanbevelingen om workflows te optimaliseren en prestaties te verbeteren. Het project verbindt datagedreven inzichten met procesoptimalisatie en strategische besluitvorming.",Business Process Analytics
"Voer een Design Science Research-project uit waarin theorie en praktijk samenkomen. Ontwerp een artefact dat een specifiek probleem adresseert binnen een toegepaste context. Gebruik wetenschappelijke methoden voor evaluatie, validatie en iteratieve verbetering van het ontwerp. Combineer literatuurstudie met empirische toetsing om theoretische bijdragen te waarborgen. Het project benadrukt de systematische koppeling tussen kennisontwikkeling en ontwerppraktijk.",Design Science Research
"Voer een Design Science Research-project uit waarin theorie en praktijk samenkomen. Ontwerp een artefact dat een specifiek probleem adresseert binnen een toegepaste context. Gebruik wetenschappelijke methoden voor evaluatie, validatie en iteratieve verbetering van het ontwerp. Combineer literatuurstudie met empirische toetsing om theoretische bijdragen te waarborgen. Het project benadrukt de systematische koppeling tussen kennisontwikkeling en ontwerppraktijk.",Design Science Research
"Ontwerp een schaalbare softwarearchitectuur voor een complexe applicatieomgeving. Gebruik principes van microservices, domain-driven design en API-communicatie om modulariteit te waarborgen. Evalueer de prestaties van verschillende architecturale keuzes met betrekking tot latency, fouttolerantie en onderhoud. Implementeer containerisatie via Docker en orkestratie via Kubernetes. De opdracht legt de nadruk op het ontwerpen van veerkrachtige, toekomstbestendige systemen.",Software Architecture
"Onderzoek de efficiëntie van bedrijfsprocessen door middel van procesmining en data-analyse. Gebruik event logs om knelpunten en afwijkingen van het ideale proces te identificeren. Visualiseer de processtromen en kwantificeer de doorlooptijden, foutpercentages en bottlenecks. Ontwerp aanbevelingen om workflows te optimaliseren en prestaties te verbeteren. Het project verbindt datagedreven inzichten met procesoptimalisatie en strategische besluitvorming.",Business Process Analytics
"Creëer een digitaal concept dat technologie, creativiteit en gebruikerservaring combineert. Gebruik ontwerptools zoals Figma of Unity om interactieve prototypes te ontwikkelen. Voer gebruikersonderzoek uit om inzichten te verkrijgen in gedragsvoorkeuren en beleving. Vertaal deze inzichten naar een iteratief ontwerpproces dat innovatie en functionaliteit verbindt. Het project stimuleert interdisciplinair denken en experimenteel ontwerp in digitale media.",Creative Digital Innovation
"Ontwerp en evalueer een geautomatiseerd detectiesysteem voor cyberdreigingen binnen cloudomgevingen. Gebruik technieken zoals intrusion detection, anomaly detection en loganalyse om aanvallen vroegtijdig te signaleren. Simuleer realistische aanvalsscenario’s en evalueer de effectiviteit van beveiligingsprotocollen. Documenteer de bevindingen en ontwikkel aanbevelingen voor organisaties om hun digitale weerbaarheid te versterken. Het project combineert theoretische kennis met praktische toepassing van cybersecuritystrategieën.",Cyber Security
"Ontwikkel interactieve datavisualisaties die complexe informatie begrijpelijk en inzichtelijk maken. Gebruik tools zoals Tableau, Power BI of D3.js om dashboards en visualisatieprototypes te bouwen. Onderzoek de invloed van visuele perceptie en dataverhaaltechnieken op gebruikersinterpretatie. Ontwerp een visuele identiteit die consistent en toegankelijk is voor diverse doelgroepen. De focus ligt op het combineren van esthetiek, bruikbaarheid en analytische helderheid.",Data Visualisation
"Ontwerp en evalueer een geautomatiseerd detectiesysteem voor cyberdreigingen binnen cloudomgevingen. Gebruik technieken zoals intrusion detection, anomaly detection en loganalyse om aanvallen vroegtijdig te signaleren. Simuleer realistische aanvalsscenario’s en evalueer de effectiviteit van beveiligingsprotocollen. Documenteer de bevindingen en ontwikkel aanbevelingen voor organisaties om hun digitale weerbaarheid te versterken. Het project combineert theoretische kennis met praktische toepassing van cybersecuritystrategieën.",Cyber Security
"Ontwikkel interactieve datavisualisaties die complexe informatie begrijpelijk en inzichtelijk maken. Gebruik tools zoals Tableau, Power BI of D3.js om dashboards en visualisatieprototypes te bouwen. Onderzoek de invloed van visuele perceptie en dataverhaaltechnieken op gebruikersinterpretatie. Ontwerp een visuele identiteit die consistent en toegankelijk is voor diverse doelgroepen. De focus ligt op het combineren van esthetiek, bruikbaarheid en analytische helderheid.",Data Visualisation
Analyseer hoe organisaties effectief kunnen transformeren door middel van digitale innovatie. Onderzoek strategische verandermodellen zoals ADKAR en Kotter om de succesfactoren van transitieprocessen te identificeren. Gebruik data-analyse om de impact van verandering op werknemers en klanttevredenheid te meten. Ontwikkel een voorstel voor implementatie dat zowel technologische als culturele barrières adresseert. Het doel is om innovatie te vertalen naar duurzame bedrijfsontwikkeling en wendbaarheid.,Business Change and Innovation
"Ontwerp een schaalbare softwarearchitectuur voor een complexe applicatieomgeving. Gebruik principes van microservices, domain-driven design en API-communicatie om modulariteit te waarborgen. Evalueer de prestaties van verschillende architecturale keuzes met betrekking tot latency, fouttolerantie en onderhoud. Implementeer containerisatie via Docker en orkestratie via Kubernetes. De opdracht legt de nadruk op het ontwerpen van veerkrachtige, toekomstbestendige systemen.",Software Architecture
"Creëer een digitaal concept dat technologie, creativiteit en gebruikerservaring combineert. Gebruik ontwerptools zoals Figma of Unity om interactieve prototypes te ontwikkelen. Voer gebruikersonderzoek uit om inzichten te verkrijgen in gedragsvoorkeuren en beleving. Vertaal deze inzichten naar een iteratief ontwerpproces dat innovatie en functionaliteit verbindt. Het project stimuleert interdisciplinair denken en experimenteel ontwerp in digitale media.",Creative Digital Innovation
"Ontwerp een schaalbare softwarearchitectuur voor een complexe applicatieomgeving. Gebruik principes van microservices, domain-driven design en API-communicatie om modulariteit te waarborgen. Evalueer de prestaties van verschillende architecturale keuzes met betrekking tot latency, fouttolerantie en onderhoud. Implementeer containerisatie via Docker en orkestratie via Kubernetes. De opdracht legt de nadruk op het ontwerpen van veerkrachtige, toekomstbestendige systemen.",Software Architecture
"Creëer een digitaal concept dat technologie, creativiteit en gebruikerservaring combineert. Gebruik ontwerptools zoals Figma of Unity om interactieve prototypes te ontwikkelen. Voer gebruikersonderzoek uit om inzichten te verkrijgen in gedragsvoorkeuren en beleving. Vertaal deze inzichten naar een iteratief ontwerpproces dat innovatie en functionaliteit verbindt. Het project stimuleert interdisciplinair denken en experimenteel ontwerp in digitale media.",Creative Digital Innovation
